similar_artist,recommended_count
L.A.B.,1498
TEMM DOGG,718
Kora,712
Home Brew,684
Shapeshifter,684
Glee Cast,638
SIX60,590
Bob Dylan,585
Juice WRLD,540
Chief Keef,478
Elvis Presley,473
Katchafire,441
Tiki Taane,439
David Bowie,436
Gucci Mane,433
Bruce Springsteen,430
Prince,422
Drax Project,419
Frank Sinatra,413
The Beatles,412
YoungBoy Never Broke Again,401
Salmonella Dub,400
The Rolling Stones,387
Johnny Cash,387
BONES,375
Elton John,357
Green Day,347
Neil Young,344
Chris Brown,340
Morrissey,336
Insane Clown Posse,336
Vybz Kartel,332
Vigilante Tha' Prophit,328
Hori Shaw,324
Red Hot Chili Peppers,317
Mariah Carey,316
NOFX,316
Lil Wayne,314
The Beach Boys,313
Black Sabbath,306
Taylor Swift,304
Weezer,303
Marilyn Manson,303
Iron Maiden,301
Tom Waits,297
Nick Cave & The Bad Seeds,296
Michael Jackson,294
Planetshakers,293
Queen,290
Pearl Jam,288
Nina Simone,287
Ramones,286
Stan Walker,283
Scarlxrd,283
Kylie Minogue,282
Megadeth,282
Fleetwood Mac,281
Lil Uzi Vert,281
The Kinks,277
The Mountain Goats,277
Hillsong Worship,274
House of Shem,266
Dolly Parton,266
Robbie Williams,265
Stevie Wonder,265
Linkin Park,264
Alice Cooper,264
Dean Martin,262
Bee Gees,261
Imagine Dragons,260
Depeche Mode,257
Lil B,257
Backstreet Boys,257
George Strait,256
Reba McEntire,255
Aerosmith,254
The Who,253
Korn,252
Electric Light Orchestra,252
U2,250
Genesis,249
Billy Joel,249
Leonard Cohen,249
Lou Reed,249
Ella Fitzgerald,249
Bon Jovi,248
Tory Lanez,246
Bob Marley & The Wailers,245
$uicideboy$,244
Nat King Cole,244
Metallica,242
Miley Cyrus,241
Grateful Dead,240
Dave Matthews Band,240
Fall Out Boy,240
Kelly Clarkson,239
Lloyd Banks,239
Tori Amos,239
Paul McCartney,238
Tech N9ne,238
Dream Theater,237
George Harrison,236
Lion Rezz,235
Russ,234
Michael W. Smith,232
Blur,231
Scorpions,230
Herbs,230
Coldplay,230
James Taylor,229
John Prine,227
Gordon Lightfoot,227
Loretta Lynn,224
Helloween,221
Deep Purple,219
Mac Miller,218
Def Leppard,218
Neil Diamond,218
2Pac,218
Tim McGraw,218
Lady Gaga,218
Madonna,217
The Moody Blues,217
Foo Fighters,217
Indigo Girls,216
Eminem,216
Rush,216
Judas Priest,216
The Offspring,215
Kanye West,214
Pet Shop Boys,214
Incubus,213
Britney Spears,213
R. Kelly,212
KISS,212
Boosie Badazz,212
Westlife,212
Christina Aguilera,212
Kodak Black,211
Jimmy Buffett,210
Cheap Trick,210
Barbra Streisand,209
Lana Del Rey,209
Rod Stewart,209
Kenny Chesney,209
Demi Lovato,208
Ozzy Osbourne,208
Van Morrison,208
Slayer,207
The Smashing Pumpkins,206
"\"Weird Al\" Yankovic",205
Ween,205
"Jr., Hank Williams",205
Kate Bush,204
Nas,204
Trey Songz,203
John Denver,203
Cher,203
Avril Lavigne,202
Dusty Springfield,201
King Gizzard & The Lizard Wizard,200
The Temptations,200
Oasis,199
Radiohead,198
Bob Seger,198
Ice Cube,196
Paul Simon,196
Scribe,195
Jimi Hendrix,194
Counting Crows,194
Kidz Bop Kids,193
Jackson Browne,193
John Mellencamp,193
The Monkees,193
Bad Religion,192
Eric Clapton,191
Chris Rea,191
The Clash,191
Jason Mraz,190
Kevin Gates,190
Vince Gill,190
Michael Bolton,190
Donna Summer,189
Alabama,189
Andy Williams,188
Cyndi Lauper,188
Future,188
Nazareth,188
Carly Simon,188
Billie Holiday,187
Jeezy,186
LeAnn Rimes,186
Randy Travis,186
Snoop Dogg,185
Kings,185
blink-182,185
Kenny Rogers,185
Wiz Khalifa,184
XTC,183
Pink Floyd,183
Modern Talking,182
Yelawolf,182
Air Supply,182
Blindspott,181
Bing Crosby,181
Warren Zevon,181
P!nk,179
Phil Collins,179
Marillion,179
Cliff Richard,179
Willie Nelson,179
Amy Grant,177
USHER,177
Alkaline Trio,176
AC/DC,176
Waylon Jennings,176
Michael Bublé,175
George Jones,175
Fat Freddy's Drop,174
HIM,174
Townes Van Zandt,173
Ray Charles,173
XXXTENTACION,172
INXS,172
Olivia Newton-John,172
UB40,172
Wanda Jackson,171
Frank Zappa,171
Carpenters,171
Rise Against,171
Upchurch,171
Uriah Heep,171
Lynyrd Skynyrd,170
Joni Mitchell,170
The Cure,169
ABBA,169
the feelers,169
Sting,168
Patti Smith,168
Yusuf / Cat Stevens,168
The Tragically Hip,168
Fast Crew,168
Emmylou Harris,168
Yes,168
Richard Marx,168
Roxette,168
Trippie Redd,167
Status Quo,167
Bonnie Raitt,166
Chicago,166
ZZ Top,166
Tom T. Hall,166
Hank Williams,165
Lil Yachty,165
Bette Midler,165
Van Halen,165
The Doors,165
Nightwish,164
Nirvana,164
Journey,164
50 Cent,164
Sufjan Stevens,164
"Atmosphere,Slug,Ant",163
Drake,163
Party Tyme,163
Céline Dion,163
Conway Twitty,162
Swans,162
Money Man,162
Natalie Cole,161
Rascal Flatts,160
Kenny Loggins,160
JAY-Z,160
Katy Perry,160
Lenny Kravitz,159
PARTYNEXTDOOR,159
Lil Durk,159
BTS,159
Shihad,158
Squeeze,158
Ed Sheeran,158
Dan Bull,158
Luther Vandross,157
Sia,157
Glen Campbell,157
Nine Inch Nails,157
TOTO,156
Iggy Pop,154
Rhombus,154
John Legend,154
Phish,153
Frank Ocean,153
Everclear,153
The Used,152
Marianne Faithfull,152
Justin Bieber,152
Alice In Chains,152
Soundgarden,152
Guns N' Roses,152
Faith No More,152
The Killers,151
Playboi Carti,151
Sabaton,151
Manowar,151
Engelbert Humperdinck,150
Erasure,150
5 Seconds of Summer,150
Tom Jones,149
Dire Straits,149
Keith Urban,149
Matt Redman,149
Norah Jones,149
The Pogues,149
Styx,149
Otis Redding,149
Phora,148
Maroon 5,147
JayDaYoungan,147
Migos,147
In Flames,146
Rihanna,145
Pentatonix,145
Tom Petty and the Heartbreakers,145
Beyoncé,145
Sonic Youth,144
Louis Armstrong,144
Z-Ro,144
The Magnetic Fields,143
New Order,143
The Hollies,143
Yellowcard,143
Fetty Wap,142
Opeth,142
Placebo,142
George Michael,142
LL COOL J,142
DEVO,142
Josh Groban,142
The Jam,141
Diana Ross,141
AFI,141
The Doobie Brothers,141
Overkill,141
A Boogie Wit da Hoodie,141
The Beautiful South,140
Janet Jackson,140
Tyga,140
Kid Rock,140
Pretenders,139
Boney M.,139
Famous Dex,139
J. Cole,139
Azizi Gibson,139
Kris Kristofferson,139
Nickelback,138
Passenger,138
One Direction,138
Peter Gabriel,138
Mary J. Blige,138
REO Speedwagon,138
Every Time I Die,138
Joe Budden,137
The Decemberists,137
The Maine,137
LUCKI,136
Biffy Clyro,135
Curren$y,135
Owl City,135
Relient K,134
Perry Como,134
Chris Travis,134
Logic,134
BROCKHAMPTON,134
David Allan Coe,134
Melanie Martinez,133
Faith Hill,133
Chuck Berry,133
Soulja Boy,132
The Avett Brothers,132
Hank Snow,132
All Time Low,132
Primus,132
Etta James,132
Tears For Fears,131
Five Finger Death Punch,131
Gary Numan,131
Roy Orbison,130
Aesop Rock,130
Regine Velasquez,130
Hillsong UNITED,130
Hanson,130
Whitney Houston,129
AmaLee,129
Pat Benatar,129
Lionel Richie,129
Larry June,129
Manic Street Preachers,129
Talking Heads,129
Modest Mouse,128
Mayday Parade,128
Steely Dan,128
Bright Eyes,128
CAKE,128
Frank Turner,128
Kendrick Lamar,128
Beastie Boys,128
Underworld,127
Death Cab for Cutie,127
Meat Loaf,127
Outkast,127
Thrice,127
America,127
Linda Ronstadt,127
Kid Cudi,126
HoodRich Pablo Juan,126
Alicia Keys,126
Moneybagg Yo,125
Ocean Colour Scene,125
Popcaan,125
Alanis Morissette,125
The Devil Wears Prada,124
Switchfoot,124
Underoath,124
The Smiths,124
Childish Gambino,124
Sleeping At Last,123
Arlo Guthrie,123
Gaither Vocal Band,123
Hollywood Undead,123
Lukas Graham,123
NEFFEX,123
Cannibal Corpse,123
Tinashe,122
Ghostemane,122
Katatonia,122
"Jr., Harry Connick",122
Mastodon,121
AJJ,121
Our Lady Peace,121
1814,121
Ski Mask The Slump God,121
John Mayer,121
The National,121
Queens of the Stone Age,121
Nitty Gritty Dirt Band,121
Ryan Adams,120
Our Last Night,120
*NSYNC,120
The Black Keys,120
R.E.M.,120
The Alan Parsons Project,120
Little Mix,120
Key Glock,119
Elemeno P,119
Big K.R.I.T.,119
The Script,119
Lucky Dube,119
The Notorious B.I.G.,119
Thin Lizzy,119
of Montreal,118
The White Stripes,118
Marvin Gaye,118
Say Anything,117
Harry Belafonte,117
Josh A,117
Shawn Mendes,117
OneRepublic,117
Ace Hood,117
Silverstein,116
Yo La Tengo,116
Judy Garland,116
Travis,116
Chris Webby,116
Beck,116
Supertramp,116
Train,116
Whitesnake,116
Wilco,115
Ellie Goulding,115
Car Seat Headrest,115
Elliott Smith,115
Dance Gavin Dance,115
Avantdale Bowling Club,114
Alkaline,114
Tracy Chapman,114
Nicki Minaj,114
Queensrÿche,113
Stone Sour,113
Foreigner,113
Great Big Sea,113
Lil Skies,113
Rich Homie Quan,113
Quando Rondo,113
DMX,112
Guided By Voices,112
Aretha Franklin,112
Kirk Franklin,112
Ariana Grande,112
John Frusciante,112
Converge,112
Misfits,112
Stray Kids,112
Olly Murs,112
Unlike Pluto,112
"Royce Da 5'9\"",112
The Game,112
Jack Johnson,111
Elvis Costello,111
Trivium,111
Beach House,111
Sublime,111
Widespread Panic,111
Panic! At The Disco,111
21 Savage,111
Jacquees,111
Muse,111
Xiu Xiu,111
Three 6 Mafia,111
TWICE,111
Twenty One Pilots,110
Sara Bareilles,110
The Amity Affliction,109
Carly Rae Jepsen,109
Animal Collective,109
King Diamond,109
Chaka Khan,109
Black Eyed Peas,109
Belle and Sebastian,109
Oingo Boingo,109
Meek Mill,109
Allman Brothers Band,108
Papa Roach,108
cupcakKe,108
Elvis Costello & The Attractions,108
Jennifer Lopez,108
Bone Thugs-N-Harmony,108
Heart,108
The Vamps,108
Thouxanbanfauni,108
Demon Hunter,108
Jimmy Eat World,107
K CAMP,107
Selena Gomez,107
Set It Off,107
Evanescence,107
Fabolous,107
Sum 41,107
Rancid,107
W.A.S.P.,107
JT Music,107
Alphaville,106
Tink,106
Nipsey Hussle,106
Brandy,106
zebrahead,106
The Kid LAROI,106
Ingrid Michaelson,105
Blue October,105
Yo Gotti,105
Grand Funk Railroad,105
Rick Ross,105
Eric Bellinger,104
The Black Seeds,104
Dave East,104
Young Dolph,104
Senses Fail,104
Mitch James,104
The Weeknd,104
ONE OK ROCK,103
Dan Fogelberg,103
Luke Bryan,103
Kirsty MacColl,103
"Eurythmics,Annie Lennox,Dave Stewart",103
Split Enz,103
Old 97's,103
311,103
Powerwolf,103
The Isley Brothers,103
Laura Marling,102
Chevelle,102
Tegan and Sara,102
Wishbone Ash,102
August Alsina,102
Keith Green,102
Crowded House,102
Brother Ali,102
Architects,102
The Proclaimers,102
PnB Rock,102
Mobb Deep,102
Coheed and Cambria,101
Poison,101
Tina Turner,101
Ace of Base,101
NateWantsToBattle,101
The Dear Hunter,101
UnoTheActivist,101
Lupe Fiasco,101
Santana,101
Bryan Adams,101
Sparks,101
Clutch,101
NCT 127,101
Shinedown,101
Skillet,100
UFO,100
Seether,100
The Yandall Sisters,100
K-Rino,100
Lil Mosey,100
Miranda Lambert,100
Within Temptation,100
Lil Tecca,99
Jason Aldean,99
Randy Newman,99
Deftones,99
Blind Guardian,99
D-Block Europe,99
The 1975,99
Toni Braxton,99
Jonas Brothers,99
Tom Rosenthal,98
New Found Glory,98
Leo Sayer,98
Juicy J,98
Jim Croce,98
Ne-Yo,98
You Me At Six,98
August Burns Red,98
Bullet For My Valentine,98
Dizzy Wright,98
Necro,98
Asian Doll,97
Steve Miller Band,97
Mary Black,97
Yung Lean,97
The Kelly Family,97
Point Of Grace,97
Yung Pinch,96
Caskey,96
Eddie Cochran,95
Joey Bada$$,95
Tom MacDonald,95
Lamb of God,95
Mindless Self Indulgence,95
Sage Francis,95
O.A.R.,95
Porcupine Tree,95
Against Me!,95
Regina Spektor,94
G Herbo,94
Fredo Bang,94
Busta Rhymes,94
A Day To Remember,94
Violent Femmes,94
Shy Glizzy,94
Mother Mother,94
Young Nudy,94
Lemon Demon,94
Enrique Iglesias,94
TOI,93
Cradle Of Filth,93
Rage Against The Machine,93
KRS-One,93
Don Henley,93
Young Thug,93
Paramore,93
Taking Back Sunday,93
Flatsound,93
Lady A,93
Disturbed,93
Eagles,93
Dr. Reknaw,92
Ayesha Erotica,92
Andrew Bird,92
Descendents,92
Twiztid,92
Roxy Music,92
Circa Survive,92
Stone Temple Pilots,92
Drive-By Truckers,92
Tim Buckley,92
Bayside,91
Angus & Julia Stone,91
G-Eazy,91
Eric Church,91
Slipknot,91
The Waterboys,91
Pavement,91
Bryson Tiller,90
NLE Choppa,90
Yung Bleu,90
Keane,90
Blake Shelton,90
John Waite,90
Thee Oh Sees,90
Hopsin,90
Wale,90
Gino Vannelli,90
The Cranberries,89
Procol Harum,89
Asking Alexandria,89
Orchestral Manoeuvres In The Dark,89
Siouxsie and the Banshees,89
Arctic Monkeys,89
Third Eye Blind,89
They Might Be Giants,89
Billy Talent,89
Freddie Gibbs,89
Carrie Underwood,89
Bruno Mars,89
The Front Bottoms,89
DaBaby,89
Cat Power,89
Chris Cornell,88
Face To Face,88
The Kooks,88
The Mechanisms,88
Joan Baez,88
Kid Ink,87
Sam Smith,87
Sticky Fingers,87
Yungeen Ace,87
The Hold Steady,87
Pete Seeger,87
NEEDTOBREATHE,87
Creedence Clearwater Revival,87
The Wolfe Tones,87
Yngwie Malmsteen,87
Angel Olsen,86
Sun Kil Moon,86
Alec Benjamin,86
Propagandhi,86
Plies,86
My Chemical Romance,86
Portugal. The Man,86
Justin Timberlake,86
Indiana Bible College,86
Mac Dre,86
Chris Tomlin,86
Miracle Of Sound,86
Machine Head,85
The Growlers,85
Garbage,85
Father John Misty,85
The Wonder Years,85
Pixies,85
Vanessa Williams,85
The Underachievers,85
Jaden,85
Brandi Carlile,85
The Black Dahlia Murder,85
Howard Jones,85
Rod Wave,85
Fiona Apple,85
Too $hort,85
Snow Patrol,85
Xavier Wulf,85
"Roy Orbison,Alex Orbison,Chuck Turner",84
Motion City Soundtrack,84
Redman,84
The Velvet Underground,84
Keyshia Cole,84
Madchild,83
The Brian Jonestown Massacre,83
MARINA,83
Los Campesinos!,83
Staind,83
Avenged Sevenfold,83
OmenXIII,83
Neil Sedaka,83
Gwar,83
Alter Bridge,83
Ayreon,83
D12,83
Thomas Rhett,83
Utopia,83
Steel Panther,83
Venom,83
Chamillionaire,83
Breaking Benjamin,82
PJ Harvey,82
Escape the Fate,82
INNA,82
Ezra Furman,82
Aimee Mann,82
Natalie Grant,82
Nick Drake,82
James Blunt,82
Robb Bank$,82
Gang Starr,82
Jake Miller,82
Mazzy Star,82
Kerser,82
Epica,81
Limp Bizkit,81
Palaye Royale,81
Sleeping With Sirens,81
Bladee,81
Kings of Leon,81
Sam Cooke,81
Bathory,81
Devin Townsend Project,81
Mozzy,81
The Menzingers,80
Christy Moore,80
Elevation Worship,80
Vince Staples,80
Parkway Drive,80
Adele,80
Bars and Melody,80
Kim Wilde,80
Hello Sailor,80
Dark Tranquillity,80
Anti-Flag,80
Chase Atlantic,80
Brother Love,80
Young Buck,80
Death,79
Patsy Cline,79
Peter Cetera,79
Björk,79
Starlito,79
Rammstein,79
Brantley Gilbert,79
Machete Clan,79
Jay Critch,79
Joy Division,79
Manchester Orchestra,79
Everlast,79
Phantogram,79
South Park Mexican,79
Three Days Grace,78
Natalie Imbruglia,78
Hooverphonic,78
Mr Traumatik,78
Fugazi,78
Comethazine,78
Aviators,78
JPEGMAFIA,78
Don McLean,78
Meshuggah,78
Cam'ron,78
The Gaslight Anthem,78
Geto Boys,78
Cage The Elephant,78
Boyz II Men,78
Sleater-Kinney,78
Charli xcx,78
Josh Garrels,78
Denzel Curry,78
IAMX,78
Devendra Banhart,78
Ty Segall,78
The Human League,78
2 Chainz,77
Styles P,77
Arrogant Worms,77
Young Go,77
"Don Moen,Integrity's Hosanna! Music",77
Simple Plan,77
Enter Shikari,77
Rich The Kid,77
Pop Smoke,77
Cavetown,77
Brand New,77
iamjakehill,77
YFN Lucci,77
Florence + The Machine,77
A Tribe Called Quest,76
Epic Rap Battles of History,76
Between The Buried And Me,76
Danny Brown,76
Tigers Jaw,76
Marianas Trench,76
Alison Krauss & Union Station,76
Protomartyr,76
St. Vincent,76
Futuristic,76
Good Charlotte,76
Duwap Kaine,76
mewithoutYou,76
Cimorelli,75
TLC,75
Gary Valenciano,75
Cunninlynguists,75
Type O Negative,75
Zac Brown Band,75
Like Moths To Flames,75
Blondie,75
E-40,75
Get Scared,75
SZA,75
Suicide Silence,75
Destroyer,75
Bloc Party,74
Whitechapel,74
Daniel Johnston,74
Kesha,74
Mumford & Sons,74
Crown The Empire,74
Halestorm,74
Noah Gundersen,74
Interpol,74
Adam Lambert,74
Theory of a Deadman,74
The Acacia Strain,74
Rittz,74
Jack Harlow,74
Neck Deep,74
Spoon,74
De La Soul,73
The Fall,73
First Aid Kit,73
Gloria Estefan,73
Common,73
Cody Jinks,73
Motorama,73
Dropkick Murphys,73
Action Bronson,73
Scarface,73
City and Colour,73
Dom Kennedy,73
John Lennon,73
Rainbow,73
Smokepurpp,73
Black Veil Brides,73
The Dubliners,73
Enigma,73
G-Unit,73
Amon Amarth,72
Joyner Lucas,72
Corrella,72
Anthrax,72
ERRA,72
beabadoobee,72
Europe,72
AURORA,72
Jeff Rosenstock,72
Birdy,72
The-Dream,72
Dinosaur Jr.,72
My Morning Jacket,72
The Drums,72
Vertical Horizon,72
The Jackson 5,72
Motörhead,72
Fastball,72
Gabrielle Aplin,72
The New Pornographers,72
Deerhunter,72
Kota the Friend,72
Ryan Caraveo,72
Suede,71
Lily Allen,71
Shakey Graves,71
Xavier Rudd,71
Thirty Seconds To Mars,71
Anathema,71
Mac DeMarco,71
Volbeat,71
JoJo,71
Franz Ferdinand,71
Rico Nasty,71
McFly,71
Sybyr,71
Killswitch Engage,71
French Montana,71
Ninja Sex Party,71
The Palmer Squares,71
John Martyn,71
Waterparks,71
Culture Club,71
Frightened Rabbit,71
Lil Darkie,70
Meghan Trainor,70
CHVRCHES,70
Apathy,70
Cal Scruby,70
Xzibit,70
Arcade Fire,70
Mavado,70
Behemoth,70
Rick Astley,70
Hail The Sun,70
Moby,70
Northlane,70
Neko Case,70
Ramirez,70
AJ Tracey,70
System Of A Down,70
Icon For Hire,69
Real Friends,69
Roc Marciano,69
Halsey,69
King Crimson,69
03 Greedo,69
Felly,69
RuPaul,69
Tonight Alive,69
Bowling For Soup,69
KXNG Crooked,69
The Irish Rovers,69
The Dillinger Escape Plan,69
Okkervil River,69
SahBabii,69
The Chills,69
Kari Jobe,69
AJR,69
Enya,69
Toosii,69
Tee Grizzley,69
Cold War Kids,69
Shania Twain,69
Stereophonics,69
CalenRaps,68
A$AP Rocky,68
Wet Wet Wet,68
Extreme,68
Billie Eilish,68
Qveen Herby,68
Bread,68
Courtney Barnett,68
Mick Jenkins,68
Death In June,67
James Brown,67
Alesana,67
Dua Lipa,67
Nothing But Thieves,67
Twin Peaks,67
Hilary Duff,67
The Tallest Man On Earth,67
The Wombats,67
King Iso,67
NAV,67
DC The Don,67
Robin Thicke,66
Ben Howard,66
Gojira,66
King Von,66
Funkadelic,66
Murs,66
Devvon Terrell,66
La Dispute,66
India.Arie,66
SoMo,66
Emery,66
Daughtry,66
BLACKPINK,66
Jon Bellion,66
Gunna,66
Tom Lehrer,65
X Ambassadors,65
Kane Brown,65
Poets of the Fall,65
Metric,65
COIN,65
SpaceGhostPurrp,65
In This Moment,65
Wild Nothing,65
Lagwagon,65
Gorillaz,65
Jazmine Sullivan,65
Jedi Mind Tricks,65
Drippin So Pretty,65
Sharon Van Etten,65
Thy Art Is Murder,65
B.o.B,65
The Fratellis,65
Jethro Tull,65
Jukebox The Ghost,65
Zara Larsson,65
The Roots,65
Therion,65
Don Toliver,65
Jonathan Coulton,65
Jeremih,65
Paloma Faith,65
Luke Christopher,65
Raffi,64
Fit For A King,64
Touché Amoré,64
Vinnie Paz,64
Teen Suicide,64
DDG,64
State Champs,64
Foals,64
Cypress Hill,64
Quinn XCII,64
Bring Me The Horizon,64
Godsmack,64
Flatbush Zombies,64
Grieves,64
John Maus,64
Future Islands,64
The Judds,64
Aly & AJ,64
Jack Stauber's Micropop,64
The Streets,64
Lil Keed,64
The Replacements,64
Ian Hunter,64
Led Zeppelin,63
Dashboard Confessional,63
Silverchair,63
MIKA,63
Dawes,63
Atreyu,63
Peter Tosh,63
Mount Eerie,63
KMFDM,63
Ollie,63
Selah,63
Hurts,63
Alan Jackson,63
Toro y Moi,63
Pi’erre Bourne,63
Merkules,63
Radical Face,63
Ice Nine Kills,63
Dead Kennedys,63
James Arthur,63
Heritage Singers,63
Thousand Foot Krutch,63
Roddy Ricch,63
John McDermott,62
Waxahatchee,62
K. Michelle,62
Watsky,62
Travis Scott,62
Westside Gunn,62
Stick To Your Guns,62
Foster The People,62
Jarren Benton,62
Jeff Buckley,62
STRFKR,62
Alison Krauss,62
Brad Paisley,62
Motionless In White,62
Counterparts,62
Fit For An Autopsy,62
Electric Callboy,62
Paradise Lost,62
The Jesus and Mary Chain,62
Eels,62
Pantera,62
YG,62
Red,62
Jessie J,62
Chelsea Grin,62
Kamelot,62
Stevie Nicks,62
Little Brother,62
Bat For Lashes,61
Acappella,61
Avatar,61
Grimes,61
NoCap,61
Ministry,61
Timeflies,61
Janis Joplin,61
Ariel Pink,61
Courteeners,61
Red Vox,61
White Lies,61
Iggy Azalea,61
Editors,61
Sinach,61
Jill Scott,61
Daniela Andrade,61
Lights,61
Captain Beefheart & His Magic Band,61
GROUPLOVE,61
K Motionz,61
Akon,61
AZ,60
Lil' Kim,60
Hippo Campus,60
Tiny Moving Parts,60
Pharoahe Monch,60
The Lawrence Arms,60
MadeinTYO,60
Death Grips,60
Children Of Bodom,60
Jessie Ware,60
The Fall of Troy,60
The Head And The Heart,60
Florida Georgia Line,60
Bill Withers,60
Parquet Courts,60
Cody Johnson,60
Bo Burnham,60
The 046,60
Aaliyah,60
The Strokes,60
Emeli Sandé,60
Vedo,60
Little Dragon,60
Pain of Salvation,59
DJ Quik,59
Sinéad O'Connor,59
"Hank Williams,Drifting Cowboys",59
Wolves At The Gate,59
Arkells,59
Craig David,59
Canibus,59
Azealia Banks,59
112,59
Waka Flocka Flame,59
Jamiroquai,59
Ladi6,59
The Verve,59
Defeater,59
The Lumineers,59
Lil Gotit,59
Lecrae,59
Dagames,59
I The Mighty,59
James Blake,59
Crywank,59
Monica,59
Protest The Hero,59
Duran Duran,59
Butthole Surfers,59
The Smith Street Band,59
Conor Oberst,59
Chelsea Wolfe,59
BabyTron,59
Rufus Wainwright,59
The Darkness,59
Brooke Fraser,59
Knuckle Puck,59
Red Velvet,59
Bastille,59
Haken,59
Incognito,59
Wavves,59
NF,59
Phil Wickham,59
Porches,59
Nick Jonas,59
Code Orange,59
Fleet Foxes,58
KILLY,58
Brian McKnight,58
Tim Minchin,58
Joywave,58
Gwen Stefani,58
TobyMac,58
Why Don't We,58
The Shins,58
Nicole Dollanganger,58
Eli Sostre,58
The Cardigans,58
Periphery,58
Troy Ave,58
No Doubt,58
Megan Thee Stallion,58
Rend Collective,58
Bryan White,58
Norma Jean,58
SSG Splurge,58
Kero Kero Bonito,58
Public Enemy,58
Done Again,58
Wolf Alice,58
Spiritualized,58
Sada Baby,58
Jefferson Airplane,58
Roger Waters,58
Barenaked Ladies,58
Everything Everything,58
blessthefall,58
Lacuna Coil,57
Snak The Ripper,57
Turnover,57
Mat Kearney,57
Alex G,57
88GLAM,57
Dax,57
Snow Tha Product,57
Quiet Riot,57
Hunter Hayes,57
The Dreadnoughts,57
We Came As Romans,57
Mr.Kitty,57
Lorde,57
The All-American Rejects,57
Jackboy,57
WALK THE MOON,57
Blac Youngsta,57
"Slash,Myles Kennedy And The Conspirators",56
Ben Rector,56
Sadistik,56
While She Sleeps,56
Kodaline,56
Alexisonfire,56
Lil Ugly Mane,56
New Edition,56
Ms. Lauryn Hill,56
Dr. Dog,56
Riff Raff,56
Rapsody,56
Marty Robbins,56
CG5,56
All That Remains,56
Big Thief,56
Keaton Henson,56
Tyler Childers,56
Destiny's Child,56
Citizens,56
BlocBoy JB,56
Mosaic MSC,56
Lord Huron,56
Veruca Salt,56
McCafferty,56
Belly,56
Lil Peep,55
Leona Lewis,55
IDLES,55
Frankie Bev a Lay,55
The Neighbourhood,55
Wifisfuneral,55
Hole,55
Insomnium,55
Maxo Kream,55
Shawn James,55
Raekwon,55
Dirty Heads,55
Dennis Marsh,55
TOOL,55
3 Doors Down,55
Take That,55
Twista,55
Tenacious D,55
Minutemen,55
Oh Wonder,55
Lud Foe,55
Stitches,55
Ball Park Music,55
Trevor Daniel,55
Kacey Musgraves,55
Beartooth,55
Jim Reeves,55
Cdot Honcho,55
Doja Cat,55
Silversun Pickups,55
The Libertines,55
Gil Scott-Heron,55
Post Malone,55
Built To Spill,55
Big Daddy Kane,55
Brotha Lynch Hung,55
San Cisco,55
Lil Poppa,55
Stan Rogers,55
Alestorm,55
The Airborne Toxic Event,55
Bomb the Music Industry!,54
Dizzee Rascal,54
Sleaford Mods,54
The Goo Goo Dolls,54
Dan + Shay,54
Frank Carter & The Rattlesnakes,54
Streetlight Manifesto,54
Matchbox Twenty,54
Fatboy Slim,54
Ben Folds Five,54
The Birthday Massacre,54
Yolanda Adams,54
Modern Baseball,54
Two Door Cinema Club,54
Dio,54
Ludacris,54
Wu-Tang Clan,54
Tamar Braxton,54
Prince Tui Teka,54
Token,54
Marika Hackman,54
Ultravox,54
Montana of 300,54
Blonde Redhead,54
Emmure,54
Boogie Down Productions,54
Croosh,54
Falling In Reverse,54
Wax,54
Todrick Hall,54
Gillian Welch,54
Amy Winehouse,54
Dro Kenji,54
Billy Bragg,54
Citizen,54
T.I.,54
Goldfrapp,54
Big Sean,54
RetcH,53
Stars,53
CES Cru,53
DragonForce,53
Silver Jews,53
Polo G,53
Uncle Kracker,53
ATEEZ,53
Buju Banton,53
Turnpike Troubadours,53
Matt Monro,53
The Divine Comedy,53
Bahamas,53
Joyce Manor,53
Noel Gallagher's High Flying Birds,53
Baby Smoove,53
Cousin Stizz,53
Latto,53
LP,53
Kevin Morby,53
Tori Kelly,53
Days N Daze,53
Emarosa,53
Hands Like Houses,53
Bliss n Eso,53
Uncle Tupelo,53
Kasabian,53
Will Smith,53
Yung Bans,53
Lil Nas X,52
Moose Blood,52
Lake Street Dive,52
Mushroomhead,52
Blossoms,52
Pulp,52
Scott Walker,52
Gary Clark Jr.,52
Yeat,52
Inner Wave,52
6 Dogs,52
Killstation,52
Perfume Genius,52
Rexx Life Raj,52
XanMan,52
Lil Xan,52
Josh Ritter,52
BENEE,52
Queen Latifah,52
Jawbreaker,52
ICE-T,52
Sleigh Bells,52
Hotboii,52
Arizona Zervas,52
Memphis May Fire,52
The Flaming Lips,52
Cormega,52
PUP,52
8-Bit Arcade,52
Berner,52
EARTHGANG,52
Elbow,52
The Pretty Reckless,52
Mila J,52
The Vaccines,52
Current Joys,52
Alessia Cara,51
Luke Combs,51
Citizen Soldier,51
Kurt Vile,51
Fat Trel,51
Oddisee,51
Lil Baby,51
Earl Sweatshirt,51
Harry Nilsson,51
The Fray,51
Headie One,51
Boyce Avenue,51
Rucka Rucka Ali,51
Tank,51
Jeremy Camp,51
Rilo Kiley,51
Kehlani,51
Tom Odell,51
Culture,51
Autumn!,51
Gloria Gaynor,51
The Strumbellas,51
Tiffany,51
K.Flay,51
Miguel,51
Being As An Ocean,51
Oliver Francis,51
Bill Callahan,51
Dido,51
Peewee Longway,51
The Prodigy,51
10 Years,51
Prodigy,51
Che Ecru,51
Andy Grammer,51
Conway the Machine,51
TV On The Radio,51
"Peter, Paul and Mary",51
Devilish Trio,51
Kimbra,51
Rio Da Yung Og,51
Mahalia Jackson,51
The Word Alive,51
ZAYN,51
Jme,51
Silent Planet,51
Sonata Arctica,51
Kate Nash,50
Lifehouse,50
Young the Giant,50
Packy,50
Del The Funky Homosapien,50
Brennan Savage,50
Terror Jr,50
Balthazar,50
Sir Michael Rocks,50
Christina Perri,50
Rob Zombie,50
Ocean Alley,50
Anberlin,50
Missy Elliott,50
Sisters of Mercy,50
Summrs,50
The Weakerthans,50
Jasmine Thompson,50
Tomorrow People,50
Princess Nokia,50
KYLE,50
Gregory Alan Isakov,50
Mutemath,50
The Band CAMINO,50
Young Scooter,50
Woody Guthrie,50
Soen,50
¡MAYDAY!,50
Masicka,50
blackbear,50
Amaranthe,50
Pieter T,50
Watchhouse,49
UGK,49
Potter Payper,49
Cam Meekins,49
The Kills,49
Passion Pit,49
Devin The Dude,49
Unwound,49
Black Label Society,49
Kip Moore,49
Pig Destroyer,49
Low,49
The White Buffalo,49
Sarah Vaughan,49
SEVENTEEN,49
Aurelio Voltaire,49
Sons of Zion,49
Vashti Bunyan,49
Pharrell Williams,49
Idina Menzel,49
Twisted Insane,49
Jazz Cartier,49
Have Mercy,49
STARSET,49
K'NAAN,49
Yeah Yeah Yeahs,49
Jhené Aiko,49
Jason Isbell,49
Patrick Watson,49
The Carter Family,49
Don Moen,49
Mario,49
This Wild Life,49
Saves The Day,49
Lil Tracy,49
Black Dresses,48
Phoenix,48
Ann Marie,48
Seaway,48
Babyshambles,48
Thelma Plum,48
Ren,48
Annisokay,48
Frankie Cosmos,48
Volumes,48
From Ashes to New,48
Dounia,48
The Longest Johns,48
Allday,48
Iced Earth,48
SHAHMEN,48
Erykah Badu,48
Rebelution,48
Melvins,48
Snoh Aalegra,48
The Crane Wives,48
Ray Boltz,48
The Chicks,48
The Story So Far,48
Sevdaliza,48
Rag'n'Bone Man,48
SoFaygo,48
Jimmie Rodgers,48
Tove Lo,48
Wiley,48
Adam Sandler,48
Andrew Rick,48
Riverside,48
PVRIS,48
Johnny Flynn,48
OK Go,48
Allie X,48
Free Throw,48
Noah Kahan,48
Hannah Montana,48
Skegss,48
Sabrina Carpenter,48
Hotel Books,48
Pierce The Veil,48
Charlie Puth,48
The Wiggles,48
AWOLNATION,48
Poppy,47
Neil Cicierega Archive,47
David Sylvian,47
Shai Linne,47
Hoodie Allen,47
tobi lou,47
Son Lux,47
Steve Green,47
Lloyd Cole,47
Yoko Ono,47
Vonda Shepard,47
Bury Tomorrow,47
Lil Tjay,47
Doomtree,47
N.W.A.,47
Serj Tankian,47
Jens Lekman,47
gizmo,47
Spandau Ballet,47
Masego,47
Pedro The Lion,47
The Radio Dept.,47
Bob Rivers,47
Toby Keith,47
Seal,47
DMA'S,47
The Jungle Giants,47
Electric Wizard,47
The Imperials,47
Nina Nesbitt,47
Lissie,47
Pinegrove,47
Thursday,47
Flo Rida,47
Celldweller,47
Dayseeker,47
Mark Knopfler,47
Flyleaf,47
Eddie Lovette,47
Dessa,47
Freddie Dredd,47
MAN WITH A MISSION,47
ITZY,47
Mandy Moore,47
Kelsea Ballerini,47
Hilltop Hoods,47
The Revivalists,47
Loudon Wainwright III,47
Puscifer,47
Sickboyrari,47
Jason Derulo,47
Trevor Hall,47
Aftertheparty,47
The Staves,47
Skylar Grey,47
Kings of Convenience,47
Kodie Shane,47
Call Me Karizma,47
Brian Fallon,47
Whiskeytown,47
Band of Horses,47
Tame Impala,47
Swallow The Sun,47
Curtis Mayfield,47
Rusty Cage,47
Lawrence,47
Highly Suspect,47
Fredo,47
Giggs,47
Madison Beer,47
Liz Phair,46
Matthew West,46
Cochise,46
Accept,46
Donovan,46
Sy Ari Da Kid,46
Kings Kaleidoscope,46
Devin Townsend,46
Anaal Nathrakh,46
Trevor Jackson,46
Aloe Blacc,46
Solange,46
Bugzy Malone,46
Isak Danielson,46
Colbie Caillat,46
EST Gee,46
Immortal Technique,46
T. Rex,46
Lauv,46
Lauren Sanderson,46
Todd Snider,46
X,46
Johnnyswim,46
Quietdrive,46
Delon Ellis,46
The Stone Roses,46
Omarion,46
Ghostface Killah,46
Ray LaMontagne,46
Jon Foreman,46
Sturgill Simpson,46
Marc E. Bassy,46
Sheryl Crow,46
David Grace & Injustice,46
The Lemon Twigs,46
King Krule,46
Sevendust,45
HAARPER,45
Skyzoo,45
Cattle Decapitation,45
Casey Veggies,45
American Authors,45
Nines,45
The Dangerous Summer,45
Colony House,45
Lewis Capaldi,45
King Lil G,45
Grizzly Bear,45
Pile,45
Balance And Composure,45
Napalm Death,45
Casting Crowns,45
Us The Duo,45
"Ron Kenoly,Integrity's Hosanna! Music",45
Corinne Bailey Rae,45
I See Stars,45
Black Rebel Motorcycle Club,45
Chloe x Halle,45
Secondhand Serenade,45
KSI,45
Sade,45
Local Natives,45
billy woods,45
AS IT IS,45
Shakira,45
Leprous,45
The Garden,45
Ol' Dirty Bastard,45
Denace,45
Hot Water Music,45
Aha Gazelle,45
Old Dominion,45
JMSN,45
Kevin Abstract,45
Juelz Santana,45
Stephen Lynch,45
Sleepy Hallow,45
King 810,45
Newsboys,45
ZOEgirl,45
Warpaint,45
Tommy Lee Sparta,45
"Jesus Culture,Kim Walker-Smith",45
Spawnbreezie,45
Metalocalypse: Dethklok,45
Bombay Bicycle Club,45
Frankie Valli & The Four Seasons,45
OMB Peezy,45
Grayscale,45
New Politics,45
Wage War,45
Tryhardninja,45
The Struts,45
Ty Dolla $ign,45
Royal Blood,44
Third Day,44
Catfish and the Bottlemen,44
Cage,44
Skepta,44
Crywolf,44
Betty Who,44
Annie Lennox,44
Seahaven,44
Out Of Eden,44
Justin Stone,44
Crass,44
The Veronicas,44
Frankie Laine,44
Maria Mena,44
BANKS,44
Born Of Osiris,44
Enterprise Earth,44
The High Kings,44
BROODS,44
The Aces,44
Divide Music,44
Koe Wetzel,44
Mark Lanegan,44
Prof,44
Loreena McKennitt,44
SOFT PLAY,44
Brett Eldredge,44
Summer Salt,44
Maxwell,44
Vampire Weekend,44
Smino,44
Maher Zain,44
George Ezra,44
Yello,44
Foolio,44
The Civil Wars,44
Teyana Taylor,44
Don Trip,44
We The Kings,44
Wyclef Jean,44
The Plot In You,44
Flobots,44
Kim Petras,44
Chris de Burgh,44
Jamie T,44
Dead Prez,44
Vertical Worship,44
Yxngxr1,44
Emma Ruth Rundle,44
The Mars Volta,44
Young Fathers,44
Amos Lee,44
Mystery Skulls,44
Red Rocks Worship,44
42 Dugg,44
Yung Simmie,43
HAIM,43
Angel Haze,43
Youngn Lipz,43
Erik Santos,43
Nasty C,43
The Paper Kites,43
Girls Aloud,43
clipping.,43
Andrew Peterson,43
Janelle Monáe,43
Wiki,43
London Grammar,43
Hot Chip,43
Dumbfoundead,43
Rakim,43
DeJ Loaf,43
Michelle Gurevich,43
Anthony Hamilton,43
Heltah Skeltah,43
Foxes,43
Andy Shauf,43
The Oak Ridge Boys,43
Edward Sharpe & The Magnetic Zeros,43
Shordie Shordie,43
REDZED,43
Little Simz,43
Flight of the Conchords,43
Jack White,43
Steven Wilson,43
Skinny Puppy,43
Busted,43
Saosin,43
Goldfinger,43
"Das Racist,Heems",43
Drakeo the Ruler,43
As I Lay Dying,43
From Indian Lakes,43
Amber Run,43
Jelly Roll,43
Neon Trees,43
David Gray,43
TJ & Huri,43
Beirut,43
Mudvayne,43
Parker McCollum,43
Hi-Rez,43
Dead by April,43
Sepultura,43
Arthur Russell,43
Death From Above 1979,43
Allan Rayman,43
SHINee,43
Iceage,43
Rayland Baxter,43
Baroness,43
That Handsome Devil,43
K.A.A.N.,43
Chillinit,43
The Regrettes,43
Master P,43
Polaris,43
Riley Green,43
The Police,43
Morphine,43
Sammie,43
John Moreland,42
Chet Baker,42
Trophy Eyes,42
Derek Pope,42
Kirko Bangz,42
Tennis,42
Landon Tewers,42
Central Cee,42
Milky Chance,42
Cuban Doll,42
Guy Sebastian,42
Joy Williams,42
Hawthorne Heights,42
Gabbie Hanna,42
Lea Salonga,42
The Exponents,42
Marlon Williams,42
LCD Soundsystem,42
Chip,42
Iamsu!,42
Das EFX,42
Sal Houdini,42
Jeremy Zucker,42
Khalid,42
Lil Reese,42
Saint Motel,42
Mötley Crüe,42
TesseracT,42
The Naked And Famous,42
Young M.A,42
Mary Lambert,42
LOONA,42
Static-X,42
Deez Nuts,42
Lydia,42
Basement,42
iann dior,42
Rachel Platten,42
Guster,42
Sarah McLachlan,42
Anthem Lights,42
Spite,42
Moses Sumney,42
Benjamin Francis Leftwich,42
Maren Morris,42
Matt Maltese,42
The Byrds,42
Zao,42
Secrets,42
Ciara,42
MEG MYERS,42
Chris Young,42
Doris Day,42
Ashley Tisdale,42
Normandie,42
Ermehn,42
Surfaces,42
DIIV,42
Lucy Rose,42
Jewel,42
Charli XCX,42
The Warning,42
Big Time Rush,42
Chromatics,41
Barry White,41
Gladys Knight & The Pips,41
MOD SUN,41
Zotiyac,41
Anika Moa,41
Battle Beast,41
Julien Baker,41
Ivan B,41
Devilskin,41
Busy Signal,41
Julia Holter,41
SOJA,41
Miles Kane,41
Seth Sentry,41
Imogen Heap,41
Darius Rucker,41
Prince Daddy & the Hyena,41
The Cramps,41
Sandi Patty,41
Less Than Jake,41
Amanda Palmer,41
Bali Baby,41
Sizzla,41
Sik World,41
Urbandub,41
Carole King,41
Jay Rock,41
Boston Manor,41
